{"count":1,"self":3687.0918143999997,"total":5268.7341226,"children":{"AgentSendState":{"count":1706626,"self":32.6638752,"total":222.75931849999998,"children":{"CollectObservations":{"count":2730608,"self":12.464259199999999,"total":12.4642591,"children":null},"CollectDiscreteActionMasks":{"count":2730608,"self":3.863972,"total":3.863972,"children":null},"AgentInfo.ToProto":{"count":2730608,"self":11.272493599999999,"total":173.7672115,"children":{"GenerateSensorData":{"count":2730608,"self":39.922969599999995,"total":162.4947182,"children":{"RayPerceptionSensor.Perceive":{"count":8191824,"self":122.5717504,"total":122.5717488,"children":null}}}}}}},"DecideAction":{"count":1706626,"self":1325.6349696,"total":1325.6350032,"children":null},"AgentAct":{"count":1706626,"self":33.0707488,"total":33.247620999999995,"children":{"AgentInfo.ToProto":{"count":2728,"self":0.015944299999999998,"total":0.1768728,"children":{"GenerateSensorData":{"count":2728,"self":0.0421977,"total":0.1609285,"children":{"RayPerceptionSensor.Perceive":{"count":8184,"self":0.1187308,"total":0.1187308,"children":null}}}}}}}},"gauges":{"Hummingbird.CumulativeReward":{"count":2728,"max":60.7725754,"min":-12.5,"runningAverage":26.590929,"value":7.224015,"weightedAverage":29.2890587}},"metadata":{"timer_format_version":"0.1.0","start_time_seconds":"1604593126","unity_version":"2020.1.4f1","command_line_arguments":"C:\\Program Files\\Unity\\Hub\\Editor\\2020.1.4f1\\Editor\\Unity.exe -projectpath C:\/Unity\/MLAgents\/ML-Agents-Hummingbirds- -useHub -hubIPC -cloudEnvironment production -hubSessionId 5573d410-1f6e-11eb-b329-2db0b3e24e2b -accessToken Jm0xI8mG5AKvt1IVEzkIgI-G7_Mx1wBaTNYIi_PQZb4003f","communication_protocol_version":"1.0.0","com.unity.ml-agents_version":"1.0.5","scene_name":"Training","end_time_seconds":"1604598394"}}